타임스탬프,수열 단원 사전 이해도를 평가해주세요.,이번 활동에서 에이전트 질문을 실제로 몇 회 사용했나요?(숫자),이번 활동에서 프리패스 모드를 실제로 몇 회 사용했나요?(숫자),화면 구성(버튼·입력창·피드백)의 배치가 직관적이었다.,글꼴·대비·여백 등 가독성이 충분했다.,수학기호/식 입력이 시각적으로 명확히 보였다.,원하는 기능(수정·되돌리기·제출)을 쉽게 찾을 수 있었다.,오류 메시지나 경고가 이해하기 쉬웠다.,전반적으로 사용하기 쉬웠다.,기능이 너무 많아 헷갈렸다.,수학식을 입력·편집하는 과정이 자연스러웠다.,수식 자동정렬/표현이 입력 의도와 일치했다.,복잡한 수열 표기도 무리 없이 입력 가능했다.,수식 입력에 시간이 과도하게 소요되었다.,에이전트의 질문은 내 생각을 확장하게 만들었다.,에이전트의 피드백은 구체적이었다.,에이전트의 질문 흐름이 논리적이었다.,프리패스 모드는 내가 주도적으로 시도·탐색하게 했다.,프리패스 모드에서 최소한의 힌트가 도움이 되었다.,두 모드 간 전환이 목적에 맞게 자연스러웠다.,대화 템포(반응속도·타이밍)가 학습에 적절했다.,모호했던 질문을 더 구체적으로 바꾸는 방법을 배웠다.,내가 무엇을 모르는지 스스로 규정할 수 있게 되었다.,조건·정의·목표를 분리해 문제를 재정의하는 연습이 되었다.,질문/답변을 여러 번 다듬으며 사고가 정교화되었다.,혼란스러움이 이해로 전환되는 순간을 경험했다.,명료화 과정이 최종 정답보다 더 큰 배움을 줬다.,화면/인터페이스 때문에 불필요하게 정신적 노력이 들었다.,수열 과제 자체가 본질적으로 어려웠다.,안내·예시가 과제 이해를 돕는 데 충분했다.,여러 정보를 동시에 처리하느라 과부하를 느꼈다.,필요한 정보가 한곳에 정리되어 있어 부담이 줄었다.,이해한 것과 모르는 것을 구분할 수 있었다.,다음에 무엇을 시도할지 계획을 세울 수 있었다.,스스로 오류를 찾아 수정했다.,목표 달성 여부를 스스로 판단했다.,내가 선택/결정하고 있다는 느낌이 있었다.,시도할수록 해낼 수 있겠다는 감각이 들었다.,활동 중 시간가는 줄 몰랐다.,계속 써보고 싶다는 생각이 들었다.,이 도구는 수열 학습에 유용했다.,배우지 않고도 쉽게 사용할 수 있다.,수업/과제에서 다시 사용할 의향이 있다.,친구에게 추천하고 싶다.,명료화 과정에서 '깨달음의 순간'이 있었다면 구체적으로 적어주세요.,수식 입력/표현과 관련해 개선이 필요하다고 느낀 점은?,에이전트와 프리패스는 각각 언제 도움이 되었나요?,다음 활동에서 달리하고 싶은 전략이 있다면?,설문 문항에 대해 긍정적 변화를 위해서는 어떤 부분의 개선이 시급할까요?
타임스탬프,수열 단원 사전 이해도를 평가해주세요.,이번 활동에서 에이전트 질문을 실제로 몇 회 사용했나요?(숫자),이번 활동에서 프리패스 모드를 실제로 몇 회 사용했나요?(숫자),화면 구성(버튼·입력창·피드백)의 배치가 직관적이었다.,글꼴·대비·여백 등 가독성이 충분했다.,수학기호/식 입력이 시각적으로 명확히 보였다.,원하는 기능(수정·되돌리기·제출)을 쉽게 찾을 수 있었다.,오류 메시지나 경고가 이해하기 쉬웠다.,전반적으로 사용하기 쉬웠다.,기능이 너무 많아 헷갈렸다.,수학식을 입력·편집하는 과정이 자연스러웠다.,수식 자동정렬/표현이 입력 의도와 일치했다.,복잡한 수열 표기도 무리 없이 입력 가능했다.,수식 입력에 시간이 과도하게 소요되었다.,에이전트의 질문은 내 생각을 확장하게 만들었다.,에이전트의 피드백은 구체적이었다.,에이전트의 질문 흐름이 논리적이었다.,프리패스 모드는 내가 주도적으로 시도·탐색하게 했다.,프리패스 모드에서 최소한의 힌트가 도움이 되었다.,두 모드 간 전환이 목적에 맞게 자연스러웠다.,대화 템포(반응속도·타이밍)가 학습에 적절했다.,모호했던 질문을 더 구체적으로 바꾸는 방법을 배웠다.,내가 무엇을 모르는지 스스로 규정할 수 있게 되었다.,조건·정의·목표를 분리해 문제를 재정의하는 연습이 되었다.,질문/답변을 여러 번 다듬으며 사고가 정교화되었다.,혼란스러움이 이해로 전환되는 순간을 경험했다.,명료화 과정이 최종 정답보다 더 큰 배움을 줬다.,화면/인터페이스 때문에 불필요하게 정신적 노력이 들었다.,수열 과제 자체가 본질적으로 어려웠다.,안내·예시가 과제 이해를 돕는 데 충분했다.,여러 정보를 동시에 처리하느라 과부하를 느꼈다.,필요한 정보가 한곳에 정리되어 있어 부담이 줄었다.,이해한 것과 모르는 것을 구분할 수 있었다.,다음에 무엇을 시도할지 계획을 세울 수 있었다.,스스로 오류를 찾아 수정했다.,목표 달성 여부를 스스로 판단했다.,내가 선택/결정하고 있다는 느낌이 있었다.,시도할수록 해낼 수 있겠다는 감각이 들었다.,활동 중 시간가는 줄 몰랐다.,계속 써보고 싶다는 생각이 들었다.,이 도구는 수열 학습에 유용했다.,배우지 않고도 쉽게 사용할 수 있다.,수업/과제에서 다시 사용할 의향이 있다.,친구에게 추천하고 싶다.,명료화 과정에서 '깨달음의 순간'이 있었다면 구체적으로 적어주세요.,수식 입력/표현과 관련해 개선이 필요하다고 느낀 점은?,에이전트와 프리패스는 각각 언제 도움이 되었나요?,다음 활동에서 달리하고 싶은 전략이 있다면?,설문 문항에 대해 긍정적 변화를 위해서는 어떤 부분의 개선이 시급할까요?
2025. 9. 19 오전 12:07:14,3,10,5,4,3,5,3,4,4,4,4,5,5,2,3,3,3,4,5,5,5,1,5,3,3,2,3,5,4,5,5,4,5,3,4,5,5,3,4,3,3,5,4,4,등비 수열의 합 공식을 구하는 과정을 보니 계차 수열과 비슷하다는 것을 깨닫게 되었다.,수식 입력할때 ide처럼 자동완성 기능이 있다면 수식 입력하는데에서 시간을 줄일 수 있을 것 같다.,프리패스는 규봉 선생님이 가르쳐 줬던 지식들을 알고 싶을데 유용했다. 에이전트는 진짜 기초 개념과 기초 개념만으로 문제를 풀때 유용할 것 같다.,이번 활동에서는 수업시간에 졸아서(죄송합니다.) 못들은 것들과 문제를 빨리 풀기 위한 것들을 물어봤다면 다음 활동에는 심화개념을 물어볼 것 같다.,규봉 선생님이 수업시간에 가르쳐 주신 내용들을 에이전트가 알려줬으면 좋겠다.
2025. 9. 20 오후 8:48:16,4,11,5,4,4,4,4,4,4,2,2,3,2,4,3,3,4,4,3,4,4,4,3,4,4,3,2,2,1,4,2,4,3,3,1,3,4,4,3,4,4,4,4,4,명료화 과정에서 깨달음의 순간은 딱히 없었던 것 같다.,수식을 입력란에 작성했을 때는 잘 적용이 되는데 AI에게 질문을 하면 깨지는 부분이 있음,"프리패스 AI는 단순하고 빠르게 원하는 정보를 얻기에 적합했고, 개념 이해, 실수 분석, 학습 방향 설계 방면에서는 에이전트 AI가 효과적이었습니다.",없음,최종 피드백을 받을 수 있는 문항을 넣으면 좋을것 같아요. 사진이나 영상으로 문제가 있거나 개선해야 할 부분도 받으면 도움이 될 것 같습니다.
2025. 9. 21 오후 12:03:11,1,5,10,5,5,5,3,5,5,4,2,5,5,1,5,5,5,2,2,1,5,5,5,4,4,5,5,3,2,5,1,5,5,5,4,5,5,5,5,5,3,5,5,5,수업시간에 가우스 얘기가 나오면서 이걸 뒤집어서 더하면 (n+1)이 n개가 있고 여기에 나누기 2를 해줘야 한다는 내용이 있었습니다. 그런데 사실 잘 이해하지 못했었습니다. 그런데 이게 왜 이렇게 되는지 AI가 설명하는 것을 한 번 더 들으니 이제 완전히 이해를 할 수 있었습니다.,자동완성/추천 이런 기능이 추가되면 좋을 것 같습니다.,에이전트는 개념을 이해할 때 많은 도움이 되었습니다. 프리패스의 경우 문제풀이 할 때 도움이 되었습니다.,프리패스 모드를 문제를 푸는 데에 더 적극적으로 사용해보는 전략을 취하려한다.,"에이전트 모드와 프리패스 모드의 용도에 대해 서비스를 가입했을 때, 설명해주면 좋겠다./프리패스 모드와 에이전트 모드의 세션 구분"
2025. 9. 21 오후 1:18:15,4,10,5,5,3,2,3,1,3,2,3,4,4,2,2,2,3,4,4,3,2,2,4,4,3,2,3,4,3,3,2,2,4,2,4,4,3,4,1,2,3,4,3,3,시그마 식의 사용법을 수열에 적용하는 방법을 최소한의 방법으로 밖에 알지 못했지만 다양한 예시를 들어줘서 색다른 방식이 있다는 것도 깨달았다.,딲히 없음,에이전트는 깊게 들어가서 그 단원에 맞는 개념을 알 수 잇고 프리패스는 그저 이 식이 언제 쓰일지 궁금하기만 할 때 사용하기 좋았다,좀 더 구체적인 질문을 해보고 싶다.,UX
2025. 9. 21 오후 7:54:34,4,8,4,3,4,3,4,3,4,4,3,3,4,4,2,4,4,4,4,3,4,4,3,4,4,3,3,3,4,4,3,4,5,4,2,3,4,3,4,4,3,3,5,4,등차수열 상 문제를 푸는데 답을 보아도 이해를 하지못한 문제가 있는데 maice를 10분정도 사용하니 풀지는 못해도 어떤식으로 해야한다 가닥을 잡혔다,화살표로 자유롭게 이동할수있게 해주면 좋을거같아요,에이전트는 상정도의 난이도있는 문제를 풀때 프리패스는 간단한 수식같은것을 까먹었거나 공부할때 사용하면 좋을거같다,복잡한 계산할때는 AI를 안쓰려고 해야할거같다,질문수 줄이기
2025. 9. 21 오후 8:10:28,4,13,6,5,5,5,5,5,5,5,4,4,5,3,4,5,5,5,4,5,5,3,5,4,5,5,4,5,2,4,5,5,5,5,5,5,5,5,4,5,5,5,5,5,"a^n - a^(n-1) = (a-1)a^(n-1), n^2 - (n-1)^2 = 2n - 1이 된다는 것을 알고 있기 때문에 수열의 합과 일반항의 관계에 대한 문제에서 적용시킬 수 있겠구나 라는 것을 깨닫게 되었습니다.","LaTeX 수식을 지원하는 점은 좋지만, LaTeX에 익숙하지 않은 사람들에게는 수식을 작성하기 어려울 것 같습니다. 따라서 수식 사용 방법이나 간단한 가이드를 함께 제공하면 수식을 입력할 때 훨씬 더 편리할 것 같습니다.","에이전트는 기초개념으로 문제를 풀어가는 과정을 알려줘서 기초를 다질 때 좋았고, 프리패스는 공식같은 걸 잘 알려줘서 문제 푸는 요령을 배울 때 좋았습니다.",에이전트로 기초개념을 다지고 프리패스로 문제 푸는 요령을 알아가는 방식으로 사용하고 싶습니다.,LaTex 수식 사용 가이드를 함께 제공하면 좋을 것 같습니다.
2025. 9. 21 오후 11:43:39,4,8,2,3,4,5,2,2,4,3,4,4,4,2,3,4,3,4,4,3,3,4,3,3,4,4,5,4,3,4,2,4,4,4,5,4,5,4,3,5,5,4,5,5,"질문의 질이 처음에는 뭉툭하고, 질문의 틀이 넓었어서 다른 ai들은 질문의 의도를 못잡고 이상한 답을 하는 경우가 있었는데, maice를 사용하며 이질문에는 이렇게 명확하게 표현하면 더 좋고 상세한 답변이 오는구나를 깨닳았음.","질문의 질이 처음에는 뭉툭하고, 질문의 틀이 넓었어서 다른 ai들은 질문의 의도를 못잡고 이상한 답을 하는 경우가 있었는데, maice를 사용하며 이질문에는 이렇게 명확하게 표현하면 더 좋고 상세한 답변이 오는구나를 깨닳았음.","에이전트는 내가 물어본 수식의 상세한 피드백을 주며, 그 수식을 설명하는 반면, 프리패스는 물어본 수식을 내가 알아가며 이해할수있는 쪽으로 치우쳐져있는것 같았음. 에이전트는 모르는 수식을 알고 내가 알고있는것을 피드백 받을때, 프리패스는 내가 알고싶은수식이나 애매한 수식을 직접 찾고 이해하고싶은때 사용할때 도움이 되었다.","이제 슬 질문의 구체화가 되기시작했으니 그걸 이용해서 에이전트로 내가 원하는 수식을 더욱 상세하고 자세히 알고, 프리패스로 이해를 진행해볼 계획.","오류, 서버 안정화."
2025. 9. 22 오전 8:36:15,3,12,7,4,3,2,3,5,2,3,2,2,2,4,3,4,5,4,5,4,5,5,4,5,5,4,4,4,2,3,4,4,3,2,3,3,2,3,2,3,3,3,4,3,어려운 문제가 나와서 풀 때 틀리면 답지를 봐도 이해가 안되는 경우가 있다. 다음 식으로 넘어갈  때 그 과정이 어떻게 된건지 이해가 안됐었는데 챗지피티는 수식 작성을 못해서 항상 이해하는데 오래걸렸었는데 여기는 수식을 작성할 수 있어서 안되는 부분을 정확히 작성했더니 과정을 알려줘서 빠르게 알 수 있었다.,나는 패드로 이 서비스를 사용했는데 패드여서 그런지 수식을 작성할 때 뒤에 수식을 또 작성하려고 수식을 누르고 작성하려는데 앞에 수식으로 자꾸 넘어가서 뒤에 수식을 여러번 쓸 수 없었다.,에이전트는 위 내용처럼 내가 이미 답을 알지만 이해가 안가는 부분이나 과정을 이해하기 위해 구체적인 질문을 할 때 사용하기 편했고 프리패스는 내가 아예 감도 잡히지 않는 문제를 에이전트한테 전부 다 물어보긴 그렇지만 어느정도 문제의 풀이 방향성을 잡고 싶을 때 좀 더 유용했던 것 같다. 그래서 나는 아예 모르는 어려운 문제가 나왔을 때 프리패스를 사용해서 문제를 좀 더 쉽게 접근하는 법을 알고 문제를 푼 뒤 이해가 되지 않는 구체적인 부분을 에이전트에게 물었던 것 같다. 하지만 프리패스에게 물어봐야할 걸 에이전트에게도 물었을 때 엄청 큰 차이는 없었던 것 같아서 이 둘이 좀 더 확실한 기능 분리가 되어있으면 좀 더 유용했을 것 같다.,"에이전트와 프리패스의 기능을 좀 더 확실히 분리하기, 사용자 편리성을 위해 개선하기",이미 수식을 작성해서 질문 할 수 있는 것부터 서비스가 별로 없어서 기능 자체는 괜찮은 거 같은데 현재는 문제 하나를 작성할 때도 너무 오래 걸려서 사용자 편리성을 좀 더 개선하면 더 잘 쓰일 것 같다.
2025. 9. 22 오후 11:21:42,2,10,5,4,5,5,4,4,5,2,3,4,4,3,3,4,3,5,4,5,3,4,5,4,4,4,4,1,3,4,3,5,5,4,4,5,5,5,3,5,5,4,5,5,없음,패드 이용자로써 필기 수식을 지원한다면 좋을것 같다,"에이전트는 대채로 개념혹은 문제의 난이도가 어려워서 전체 흐름의 풀이가 필요할때 유용 하였고,
프리패스는 문제의 흐름을 파악하는데 도움을 주었다",문제 질문에서 개념을 같이 프롬포팅 하겠다.,PDF 업로드 기능
2025. 9. 23 오후 2:12:29,4,10,5,4,4,3,4,5,4,2,4,4,5,2,4,5,4,4,4,4,4,4,5,4,5,4,5,1,2,4,1,5,4,5,4,4,4,5,4,5,4,5,5,4,부분분수로 전개하면 깔끔하게 소거된다는 것을 알았다.,"수학 기호(분수, 제곱, 루트 등)를 바로 입력하기 불편함",어렵거나 복잡한 수열을 풀때 문제에 대한 힌트가 되거나 도움이 되었다.,"바로 계산하지 않고, 먼저 등차, 등비, 점화식, 급수로 분류하고 공식 떠올린 뒤 적용하는 것","수학 기호(분수, 제곱, 루트 등)를 바로 입력 가능하게 하는 것"